<?xml version="1.0" encoding="UTF-8"?>
<project-private xmlns="http://www.netbeans.org/ns/project-private/1">
    <editor-bookmarks xmlns="http://www.netbeans.org/ns/editor-bookmarks/2" lastBookmarkId="0"/>
    <open-files xmlns="http://www.netbeans.org/ns/projectui-open-files/2">
        <group>
            <file>file:/D:/XAMPP/htdocs/TrainApp/calendar.php</file>
            <file>file:/D:/XAMPP/htdocs/TrainApp/include/calendarHead.php</file>
            <file>file:/D:/XAMPP/htdocs/TrainApp/include/calendarScript.php</file>
            <file>file:/D:/XAMPP/htdocs/TrainApp/functions/calendarFunctions.php</file>
            <file>file:/D:/XAMPP/htdocs/TrainApp/include/calendarBody.php</file>
        </group>
    </open-files>
</project-private>
